pack_id	challenge_id
PACK_ID_1ST_PLAY	CHALLENGE_1
PACK_ID_1ST_PLAY	CHALLENGE_2
PACK_ID_1ST_PLAY	CHALLENGE_3
PACK_ID_1ST_PLAY	CHALLENGE_4
PACK_ID_1ST_PLAY	CHALLENGE_5
PACK_ID_1ST_PLAY	CHALLENGE_6
PACK_ID_1ST_PLAY	CHALLENGE_7
PACK_ID_1ST_PLAY	CHALLENGE_8
PACK_ID_1ST_PLAY	CHALLENGE_9
PACK_ID_1ST_PLAY	CHALLENGE_10
PACK_ID_1ST_PLAY	CHALLENGE_11
PACK_ID_1ST_PLAY	CHALLENGE_12
PACK_ID_1ST_PLAY	CHALLENGE_13
PACK_ID_1ST_PLAY	CHALLENGE_14
PACK_ID_1ST_PLAY	CHALLENGE_15
PACK_ID_1ST_PLAY	CHALLENGE_16
PACK_ID_1ST_PLAY	CHALLENGE_17
PACK_ID_1ST_PLAY	CHALLENGE_18
PACK_ID_1ST_PLAY	CHALLENGE_19
PACK_ID_1ST_PLAY	CHALLENGE_20
PACK_ID_1ST_PLAY	CHALLENGE_21
PACK_ID_1ST_PLAY	CHALLENGE_22
PACK_ID_1ST_PLAY	CHALLENGE_23
PACK_ID_1ST_PLAY	CHALLENGE_24
PACK_ID_1ST_PLAY	CHALLENGE_25
PACK_ID_1ST_PLAY	CHALLENGE_26
PACK_ID_1ST_PLAY	CHALLENGE_27
PACK_ID_1ST_PLAY	CHALLENGE_28
PACK_ID_1ST_PLAY	CHALLENGE_29
PACK_ID_1ST_PLAY	CHALLENGE_30
PACK_ID_1ST_PLAY	CHALLENGE_31
PACK_ID_GENERAL	CHALLENGE_32
PACK_ID_GENERAL	CHALLENGE_33
PACK_ID_GENERAL	CHALLENGE_34
PACK_ID_GENERAL	CHALLENGE_35
PACK_ID_GENERAL	CHALLENGE_36
PACK_ID_GENERAL	CHALLENGE_37
PACK_ID_GENERAL	CHALLENGE_38
PACK_ID_GENERAL	CHALLENGE_39
PACK_ID_GENERAL	CHALLENGE_40
PACK_ID_GENERAL	CHALLENGE_41
PACK_ID_GENERAL	CHALLENGE_42
PACK_ID_GENERAL	CHALLENGE_43
PACK_ID_GENERAL	CHALLENGE_44
PACK_ID_GENERAL	CHALLENGE_45
PACK_ID_GENERAL	CHALLENGE_46
PACK_ID_GENERAL	CHALLENGE_47
PACK_ID_GENERAL	CHALLENGE_48
PACK_ID_GENERAL	CHALLENGE_49
PACK_ID_GENERAL	CHALLENGE_50
PACK_ID_GENERAL	CHALLENGE_51
PACK_ID_GENERAL	CHALLENGE_52
PACK_ID_GENERAL	CHALLENGE_53
PACK_ID_GENERAL	CHALLENGE_54
PACK_ID_GENERAL	CHALLENGE_55
PACK_ID_GENERAL	CHALLENGE_56
PACK_ID_GENERAL	CHALLENGE_57
PACK_ID_GENERAL	CHALLENGE_58
PACK_ID_GENERAL	CHALLENGE_59
PACK_ID_GENERAL	CHALLENGE_60
PACK_ID_GENERAL	CHALLENGE_61
PACK_ID_GENERAL	CHALLENGE_62
PACK_ID_GENERAL	CHALLENGE_63
PACK_ID_GENERAL	CHALLENGE_64
PACK_ID_GENERAL	CHALLENGE_65
PACK_ID_GENERAL	CHALLENGE_66
PACK_ID_GENERAL	CHALLENGE_67
PACK_ID_GENERAL	CHALLENGE_68
PACK_ID_GENERAL	CHALLENGE_69
PACK_ID_GENERAL	CHALLENGE_70
PACK_ID_GENERAL	CHALLENGE_71
PACK_ID_GENERAL	CHALLENGE_72
PACK_ID_GENERAL	CHALLENGE_73
PACK_ID_GENERAL	CHALLENGE_74
PACK_ID_GENERAL	CHALLENGE_75
PACK_ID_GENERAL	CHALLENGE_76
PACK_ID_GENERAL	CHALLENGE_77
PACK_ID_GENERAL	CHALLENGE_78
PACK_ID_GENERAL	CHALLENGE_79
PACK_ID_GENERAL	CHALLENGE_80
PACK_ID_GENERAL	CHALLENGE_81
PACK_ID_GENERAL	CHALLENGE_82
PACK_ID_GENERAL	CHALLENGE_83
PACK_ID_GENERAL	CHALLENGE_84
PACK_ID_GENERAL	CHALLENGE_85
PACK_ID_GENERAL	CHALLENGE_86
PACK_ID_GENERAL	CHALLENGE_87
PACK_ID_GENERAL	CHALLENGE_88
PACK_ID_GENERAL	CHALLENGE_89
PACK_ID_GENERAL	CHALLENGE_90
PACK_ID_GENERAL	CHALLENGE_91
PACK_ID_GENERAL	CHALLENGE_92
PACK_ID_GENERAL	CHALLENGE_93
PACK_ID_GENERAL	CHALLENGE_94
PACK_ID_GENERAL	CHALLENGE_95
PACK_ID_GENERAL	CHALLENGE_96
PACK_ID_GENERAL	CHALLENGE_97
PACK_ID_GENERAL	CHALLENGE_98
PACK_ID_GENERAL	CHALLENGE_99
PACK_ID_GENERAL	CHALLENGE_100
PACK_ID_GENERAL	CHALLENGE_101
PACK_ID_GENERAL	CHALLENGE_102
PACK_ID_GENERAL	CHALLENGE_103
PACK_ID_GENERAL	CHALLENGE_104
PACK_ID_GENERAL	CHALLENGE_105
PACK_ID_GENERAL	CHALLENGE_106
PACK_ID_GENERAL	CHALLENGE_107
PACK_ID_GENERAL	CHALLENGE_108
PACK_ID_GENERAL	CHALLENGE_109
PACK_ID_GENERAL	CHALLENGE_110
PACK_ID_GENERAL	CHALLENGE_111
PACK_ID_GENERAL	CHALLENGE_112
PACK_ID_GENERAL	CHALLENGE_113
PACK_ID_GENERAL	CHALLENGE_114
PACK_ID_GENERAL	CHALLENGE_115
PACK_ID_GENERAL	CHALLENGE_116
PACK_ID_GENERAL	CHALLENGE_117
PACK_ID_GENERAL	CHALLENGE_118
PACK_ID_GENERAL	CHALLENGE_119
PACK_ID_GENERAL	CHALLENGE_120
PACK_ID_GENERAL	CHALLENGE_121
PACK_ID_GENERAL	CHALLENGE_122
PACK_ID_GENERAL	CHALLENGE_123
PACK_ID_GENERAL	CHALLENGE_124
PACK_ID_GENERAL	CHALLENGE_125
PACK_ID_GENERAL	CHALLENGE_126
PACK_ID_GENERAL	CHALLENGE_127
PACK_ID_GENERAL	CHALLENGE_128
PACK_ID_GENERAL	CHALLENGE_129
PACK_ID_GENERAL	CHALLENGE_130
PACK_ID_GENERAL	CHALLENGE_131
PACK_ID_GENERAL	CHALLENGE_132
PACK_ID_GENERAL	CHALLENGE_133
PACK_ID_GENERAL	CHALLENGE_134
PACK_ID_GENERAL	CHALLENGE_135
PACK_ID_GENERAL	CHALLENGE_136
PACK_ID_GENERAL	CHALLENGE_137
PACK_ID_GENERAL	CHALLENGE_138
PACK_ID_GENERAL	CHALLENGE_139
PACK_ID_GENERAL	CHALLENGE_140
PACK_ID_GENERAL	CHALLENGE_141
PACK_ID_GENERAL	CHALLENGE_142
PACK_ID_GENERAL	CHALLENGE_143
PACK_ID_GENERAL	CHALLENGE_144
PACK_ID_GENERAL	CHALLENGE_145
PACK_ID_GENERAL	CHALLENGE_146
PACK_ID_GENERAL	CHALLENGE_147
PACK_ID_GENERAL	CHALLENGE_148
PACK_ID_GENERAL	CHALLENGE_149
PACK_ID_GENERAL	CHALLENGE_150
PACK_ID_GENERAL	CHALLENGE_151
PACK_ID_GENERAL	CHALLENGE_152
PACK_ID_GENERAL	CHALLENGE_153
PACK_ID_GENERAL	CHALLENGE_154
PACK_ID_GENERAL	CHALLENGE_155
PACK_ID_GENERAL	CHALLENGE_156
PACK_ID_GENERAL	CHALLENGE_157
PACK_ID_GENERAL	CHALLENGE_158
PACK_ID_GENERAL	CHALLENGE_159
PACK_ID_GENERAL	CHALLENGE_160
PACK_ID_GENERAL	CHALLENGE_161
PACK_ID_GENERAL	CHALLENGE_162
PACK_ID_GENERAL	CHALLENGE_163
PACK_ID_GENERAL	CHALLENGE_164
PACK_ID_GENERAL	CHALLENGE_165
PACK_ID_GENERAL	CHALLENGE_166
PACK_ID_GENERAL	CHALLENGE_167
PACK_ID_GENERAL	CHALLENGE_168
PACK_ID_GENERAL	CHALLENGE_169
PACK_ID_GENERAL	CHALLENGE_170
PACK_ID_GENERAL	CHALLENGE_171
PACK_ID_GENERAL	CHALLENGE_172
PACK_ID_GENERAL	CHALLENGE_173
PACK_ID_GENERAL	CHALLENGE_174
PACK_ID_GENERAL	CHALLENGE_175
PACK_ID_GENERAL	CHALLENGE_176
PACK_ID_GENERAL	CHALLENGE_177
PACK_ID_GENERAL	CHALLENGE_178
PACK_ID_GENERAL	CHALLENGE_179
PACK_ID_GENERAL	CHALLENGE_180
PACK_ID_GENERAL	CHALLENGE_181
PACK_ID_GENERAL	CHALLENGE_182
PACK_ID_GENERAL	CHALLENGE_183
PACK_ID_GENERAL	CHALLENGE_184
PACK_ID_GENERAL	CHALLENGE_185
PACK_ID_GENERAL	CHALLENGE_186
PACK_ID_GENERAL	CHALLENGE_187
PACK_ID_GENERAL	CHALLENGE_188
PACK_ID_GENERAL	CHALLENGE_189
PACK_ID_GENERAL	CHALLENGE_190
PACK_ID_GENERAL	CHALLENGE_191
PACK_ID_GENERAL	CHALLENGE_192
PACK_ID_GENERAL	CHALLENGE_193
PACK_ID_GENERAL	CHALLENGE_194
PACK_ID_GENERAL	CHALLENGE_195
PACK_ID_GENERAL	CHALLENGE_196
PACK_ID_GENERAL	CHALLENGE_197
PACK_ID_GENERAL	CHALLENGE_198
PACK_ID_GENERAL	CHALLENGE_199
PACK_ID_GENERAL	CHALLENGE_200
PACK_ID_GENERAL	CHALLENGE_201
PACK_ID_GENERAL	CHALLENGE_202
PACK_ID_GENERAL	CHALLENGE_203
PACK_ID_GENERAL	CHALLENGE_204
PACK_ID_GENERAL	CHALLENGE_205
PACK_ID_GENERAL	CHALLENGE_206
PACK_ID_GENERAL	CHALLENGE_207
PACK_ID_GENERAL	CHALLENGE_208
PACK_ID_GENERAL	CHALLENGE_209
PACK_ID_GENERAL	CHALLENGE_210
PACK_ID_GENERAL	CHALLENGE_211
PACK_ID_GENERAL	CHALLENGE_212
PACK_ID_GENERAL	CHALLENGE_213
PACK_ID_GENERAL	CHALLENGE_214
PACK_ID_GENERAL	CHALLENGE_215
PACK_ID_GENERAL	CHALLENGE_216
PACK_ID_GENERAL	CHALLENGE_217
PACK_ID_GENERAL	CHALLENGE_218
PACK_ID_GENERAL	CHALLENGE_219
PACK_ID_GENERAL	CHALLENGE_220
PACK_ID_GENERAL	CHALLENGE_221
PACK_ID_GENERAL	CHALLENGE_222
PACK_ID_GENERAL	CHALLENGE_223
PACK_ID_GENERAL	CHALLENGE_224
PACK_ID_GENERAL	CHALLENGE_225
PACK_ID_GENERAL	CHALLENGE_226
PACK_ID_GENERAL	CHALLENGE_227
PACK_ID_GENERAL	CHALLENGE_228
PACK_ID_GENERAL	CHALLENGE_229
PACK_ID_GENERAL	CHALLENGE_230
PACK_ID_GENERAL	CHALLENGE_231
PACK_ID_GENERAL	CHALLENGE_232
PACK_ID_GENERAL	CHALLENGE_233
PACK_ID_GENERAL	CHALLENGE_234
PACK_ID_GENERAL	CHALLENGE_235
PACK_ID_GENERAL	CHALLENGE_236
PACK_ID_GENERAL	CHALLENGE_237
PACK_ID_GENERAL	CHALLENGE_238
PACK_ID_GENERAL	CHALLENGE_239
PACK_ID_GENERAL	CHALLENGE_240
PACK_ID_GENERAL	CHALLENGE_241
PACK_ID_GENERAL	CHALLENGE_242
PACK_ID_GENERAL	CHALLENGE_243
PACK_ID_GENERAL	CHALLENGE_244
PACK_ID_GENERAL	CHALLENGE_245
PACK_ID_GENERAL	CHALLENGE_246
PACK_ID_GENERAL	CHALLENGE_247
PACK_ID_GENERAL	CHALLENGE_248
PACK_ID_GENERAL	CHALLENGE_249
PACK_ID_GENERAL	CHALLENGE_250
PACK_ID_GENERAL	CHALLENGE_251
PACK_ID_GENERAL	CHALLENGE_252
PACK_ID_GENERAL	CHALLENGE_253
PACK_ID_GENERAL	CHALLENGE_254
PACK_ID_GENERAL	CHALLENGE_255
PACK_ID_GENERAL	CHALLENGE_256
PACK_ID_GENERAL	CHALLENGE_257
PACK_ID_GENERAL	CHALLENGE_258
PACK_ID_GENERAL	CHALLENGE_259
PACK_ID_GENERAL	CHALLENGE_260
PACK_ID_GENERAL	CHALLENGE_261
PACK_ID_GENERAL	CHALLENGE_262
PACK_ID_GENERAL	CHALLENGE_263
PACK_ID_GENERAL	CHALLENGE_264
PACK_ID_GENERAL	CHALLENGE_265
PACK_ID_GENERAL	CHALLENGE_266
PACK_ID_GENERAL	CHALLENGE_267
PACK_ID_GENERAL	CHALLENGE_268
PACK_ID_GENERAL	CHALLENGE_269
PACK_ID_GENERAL	CHALLENGE_270
PACK_ID_GENERAL	CHALLENGE_271
PACK_ID_GENERAL	CHALLENGE_272
PACK_ID_GENERAL	CHALLENGE_273
PACK_ID_GENERAL	CHALLENGE_274
PACK_ID_GENERAL	CHALLENGE_275
PACK_ID_GENERAL	CHALLENGE_276
PACK_ID_GENERAL	CHALLENGE_277
PACK_ID_GENERAL	CHALLENGE_278
PACK_ID_GENERAL	CHALLENGE_279
PACK_ID_GENERAL	CHALLENGE_280
PACK_ID_GENERAL	CHALLENGE_281
PACK_ID_GENERAL	CHALLENGE_282
PACK_ID_GENERAL	CHALLENGE_283
PACK_ID_GENERAL	CHALLENGE_284
PACK_ID_GENERAL	CHALLENGE_285
PACK_ID_GENERAL	CHALLENGE_286
PACK_ID_GENERAL	CHALLENGE_287
PACK_ID_GENERAL	CHALLENGE_288
PACK_ID_GENERAL	CHALLENGE_289
PACK_ID_GENERAL	CHALLENGE_290
PACK_ID_GENERAL	CHALLENGE_291
PACK_ID_GENERAL	CHALLENGE_292
PACK_ID_GENERAL	CHALLENGE_293
PACK_ID_GENERAL	CHALLENGE_294
PACK_ID_GENERAL	CHALLENGE_295
PACK_ID_GENERAL	CHALLENGE_296
PACK_ID_GENERAL	CHALLENGE_297
PACK_ID_GENERAL	CHALLENGE_298
PACK_ID_GENERAL	CHALLENGE_299
PACK_ID_GENERAL	CHALLENGE_300
PACK_ID_GENERAL	CHALLENGE_301
PACK_ID_GENERAL	CHALLENGE_302
PACK_ID_GENERAL	CHALLENGE_303
PACK_ID_GENERAL	CHALLENGE_304
PACK_ID_GENERAL	CHALLENGE_305
PACK_ID_GENERAL	CHALLENGE_306
PACK_ID_GENERAL	CHALLENGE_307
PACK_ID_GENERAL	CHALLENGE_308
PACK_ID_GENERAL	CHALLENGE_309
PACK_ID_GENERAL	CHALLENGE_310
PACK_ID_GENERAL	CHALLENGE_311
PACK_ID_GENERAL	CHALLENGE_312
PACK_ID_GENERAL	CHALLENGE_313
PACK_ID_GENERAL	CHALLENGE_314
PACK_ID_GENERAL	CHALLENGE_315
PACK_ID_GENERAL	CHALLENGE_316
PACK_ID_GENERAL	CHALLENGE_317
PACK_ID_GENERAL	CHALLENGE_318
PACK_ID_GENERAL	CHALLENGE_319
PACK_ID_GENERAL	CHALLENGE_320
PACK_ID_GENERAL	CHALLENGE_321
PACK_ID_GENERAL	CHALLENGE_322
PACK_ID_GENERAL	CHALLENGE_323
PACK_ID_GENERAL	CHALLENGE_324
PACK_ID_GENERAL	CHALLENGE_325
PACK_ID_GENERAL	CHALLENGE_326
PACK_ID_GENERAL	CHALLENGE_327
PACK_ID_GENERAL	CHALLENGE_328
PACK_ID_GENERAL	CHALLENGE_329
PACK_ID_GENERAL	CHALLENGE_330
PACK_ID_GENERAL	CHALLENGE_331
PACK_ID_GENERAL	CHALLENGE_332
PACK_ID_GENERAL	CHALLENGE_333
PACK_ID_GENERAL	CHALLENGE_334
PACK_ID_GENERAL	CHALLENGE_335
PACK_ID_GENERAL	CHALLENGE_336
PACK_ID_GENERAL	CHALLENGE_337
PACK_ID_GENERAL	CHALLENGE_338
PACK_ID_GENERAL	CHALLENGE_339
PACK_ID_GENERAL	CHALLENGE_340
PACK_ID_GENERAL	CHALLENGE_341
PACK_ID_GENERAL	CHALLENGE_342
PACK_ID_GENERAL	CHALLENGE_343
PACK_ID_GENERAL	CHALLENGE_344
PACK_ID_GENERAL	CHALLENGE_345
PACK_ID_GENERAL	CHALLENGE_346
PACK_ID_GENERAL	CHALLENGE_347
PACK_ID_GENERAL	CHALLENGE_348
PACK_ID_GENERAL	CHALLENGE_349
PACK_ID_GENERAL	CHALLENGE_350
PACK_ID_GENERAL	CHALLENGE_351
PACK_ID_GENERAL	CHALLENGE_352
PACK_ID_GENERAL	CHALLENGE_353
PACK_ID_GENERAL	CHALLENGE_354
PACK_ID_GENERAL	CHALLENGE_355
PACK_ID_GENERAL	CHALLENGE_356
PACK_ID_GENERAL	CHALLENGE_357
PACK_ID_GENERAL	CHALLENGE_358
PACK_ID_GENERAL	CHALLENGE_359
PACK_ID_GENERAL	CHALLENGE_360
PACK_ID_GENERAL	CHALLENGE_361
PACK_ID_GENERAL	CHALLENGE_362
PACK_ID_GENERAL	CHALLENGE_363
PACK_ID_GENERAL	CHALLENGE_364
PACK_ID_GENERAL	CHALLENGE_365
PACK_ID_GENERAL	CHALLENGE_366
PACK_ID_GENERAL	CHALLENGE_367
PACK_ID_GENERAL	CHALLENGE_368
PACK_ID_GENERAL	CHALLENGE_369
PACK_ID_GENERAL	CHALLENGE_370
PACK_ID_GENERAL	CHALLENGE_371
PACK_ID_GENERAL	CHALLENGE_372
PACK_ID_GENERAL	CHALLENGE_373
PACK_ID_GENERAL	CHALLENGE_374
PACK_ID_GENERAL	CHALLENGE_375
PACK_ID_GENERAL	CHALLENGE_376
PACK_ID_GENERAL	CHALLENGE_377
PACK_ID_GENERAL	CHALLENGE_378
PACK_ID_GENERAL	CHALLENGE_379
PACK_ID_GENERAL	CHALLENGE_380
PACK_ID_GENERAL	CHALLENGE_381
PACK_ID_GENERAL	CHALLENGE_382
PACK_ID_GENERAL	CHALLENGE_383
PACK_ID_GENERAL	CHALLENGE_384
PACK_ID_GENERAL	CHALLENGE_385
PACK_ID_GENERAL	CHALLENGE_386
PACK_ID_GENERAL	CHALLENGE_387
PACK_ID_GENERAL	CHALLENGE_388
PACK_ID_GENERAL	CHALLENGE_389
PACK_ID_GENERAL	CHALLENGE_390
PACK_ID_GENERAL	CHALLENGE_391
PACK_ID_GENERAL	CHALLENGE_392
PACK_ID_GENERAL	CHALLENGE_393
PACK_ID_GENERAL	CHALLENGE_394
PACK_ID_GENERAL	CHALLENGE_395
PACK_ID_GENERAL	CHALLENGE_396
PACK_ID_GENERAL	CHALLENGE_397
PACK_ID_GENERAL	CHALLENGE_398
PACK_ID_GENERAL	CHALLENGE_399
PACK_ID_GENERAL	CHALLENGE_400
PACK_ID_GENERAL	CHALLENGE_401
PACK_ID_GENERAL	CHALLENGE_402
PACK_ID_GENERAL	CHALLENGE_403
PACK_ID_GENERAL	CHALLENGE_404
PACK_ID_GENERAL	CHALLENGE_405
PACK_ID_GENERAL	CHALLENGE_406
PACK_ID_GENERAL	CHALLENGE_407
PACK_ID_GENERAL	CHALLENGE_408
PACK_ID_GENERAL	CHALLENGE_409
PACK_ID_GENERAL	CHALLENGE_410
PACK_ID_GENERAL	CHALLENGE_411
PACK_ID_GENERAL	CHALLENGE_412
PACK_ID_GENERAL	CHALLENGE_413
PACK_ID_GENERAL	CHALLENGE_414
PACK_ID_GENERAL	CHALLENGE_415
PACK_ID_GENERAL	CHALLENGE_416
PACK_ID_GENERAL	CHALLENGE_417
PACK_ID_GENERAL	CHALLENGE_418
PACK_ID_GENERAL	CHALLENGE_419
PACK_ID_GENERAL	CHALLENGE_420
PACK_ID_GENERAL	CHALLENGE_421
PACK_ID_GENERAL	CHALLENGE_422
PACK_ID_GENERAL	CHALLENGE_423
PACK_ID_GENERAL	CHALLENGE_424
PACK_ID_GENERAL	CHALLENGE_425
PACK_ID_GENERAL	CHALLENGE_426
PACK_ID_GENERAL	CHALLENGE_427
PACK_ID_GENERAL	CHALLENGE_428
PACK_ID_GENERAL	CHALLENGE_429
PACK_ID_GENERAL	CHALLENGE_430
PACK_ID_GENERAL	CHALLENGE_431
PACK_ID_GENERAL	CHALLENGE_432
PACK_ID_GENERAL	CHALLENGE_433
PACK_ID_GENERAL	CHALLENGE_434
PACK_ID_GENERAL	CHALLENGE_435
PACK_ID_GENERAL	CHALLENGE_436
PACK_ID_GENERAL	CHALLENGE_437
PACK_ID_GENERAL	CHALLENGE_438
PACK_ID_GENERAL	CHALLENGE_439
PACK_ID_GENERAL	CHALLENGE_440
PACK_ID_GENERAL	CHALLENGE_441
PACK_ID_GENERAL	CHALLENGE_442
PACK_ID_GENERAL	CHALLENGE_443
PACK_ID_GENERAL	CHALLENGE_444
PACK_ID_GENERAL	CHALLENGE_445
PACK_ID_GENERAL	CHALLENGE_446
PACK_ID_GENERAL	CHALLENGE_447
PACK_ID_GENERAL	CHALLENGE_448
PACK_ID_GENERAL	CHALLENGE_449
PACK_ID_GENERAL	CHALLENGE_450
PACK_ID_GENERAL	CHALLENGE_451
PACK_ID_GENERAL	CHALLENGE_452